{
  "Deposit" : {
    "transaction" : "Deposit",
    "sampleCount" : 2000,
    "errorCount" : 0,
    "errorPct" : 0.0,
    "meanResTime" : 6734.986999999993,
    "medianResTime" : 6786.5,
    "minResTime" : 38.0,
    "maxResTime" : 7642.0,
    "pct1ResTime" : 7552.0,
    "pct2ResTime" : 7591.0,
    "pct3ResTime" : 7634.0,
    "throughput" : 161.72070833670253,
    "receivedKBytesPerSec" : 31.112284709307026,
    "sentKBytesPerSec" : 38.37708215411983
  },
  "GetAccount" : {
    "transaction" : "GetAccount",
    "sampleCount" : 2000,
    "errorCount" : 0,
    "errorPct" : 0.0,
    "meanResTime" : 921.981499999999,
    "medianResTime" : 1089.0,
    "minResTime" : 4.0,
    "maxResTime" : 1406.0,
    "pct1ResTime" : 1326.0,
    "pct2ResTime" : 1361.0,
    "pct3ResTime" : 1392.0,
    "throughput" : 679.3478260869565,
    "receivedKBytesPerSec" : 191.73000169836956,
    "sentKBytesPerSec" : 116.09948199728261
  },
  "Accounting" : {
    "transaction" : "Accounting",
    "sampleCount" : 2000,
    "errorCount" : 0,
    "errorPct" : 0.0,
    "meanResTime" : 1262.934999999999,
    "medianResTime" : 1275.5,
    "minResTime" : 45.0,
    "maxResTime" : 1858.0,
    "pct1ResTime" : 1691.8000000000002,
    "pct2ResTime" : 1783.0,
    "pct3ResTime" : 1843.0,
    "throughput" : 419.2872117400419,
    "receivedKBytesPerSec" : 2128.7475841850105,
    "sentKBytesPerSec" : 72.88390985324948
  },
  "Withdraw" : {
    "transaction" : "Withdraw",
    "sampleCount" : 2000,
    "errorCount" : 0,
    "errorPct" : 0.0,
    "meanResTime" : 7507.561999999988,
    "medianResTime" : 7505.0,
    "minResTime" : 1933.0,
    "maxResTime" : 7748.0,
    "pct1ResTime" : 7695.0,
    "pct2ResTime" : 7705.0,
    "pct3ResTime" : 7724.0,
    "throughput" : 99.6412913511359,
    "receivedKBytesPerSec" : 19.16927187126345,
    "sentKBytesPerSec" : 23.0615098146672
  },
  "Total" : {
    "transaction" : "Total",
    "sampleCount" : 10000,
    "errorCount" : 0,
    "errorPct" : 0.0,
    "meanResTime" : 4249.654899999994,
    "medianResTime" : 4902.0,
    "minResTime" : 4.0,
    "maxResTime" : 7748.0,
    "pct1ResTime" : 7564.0,
    "pct2ResTime" : 7677.0,
    "pct3ResTime" : 7705.0,
    "throughput" : 391.26692229438925,
    "receivedKBytesPerSec" : 464.54636421326006,
    "sentKBytesPerSec" : 87.34728362939197
  },
  "Update" : {
    "transaction" : "Update",
    "sampleCount" : 2000,
    "errorCount" : 0,
    "errorPct" : 0.0,
    "meanResTime" : 4820.808999999998,
    "medianResTime" : 4952.0,
    "minResTime" : 1801.0,
    "maxResTime" : 5605.0,
    "pct1ResTime" : 5465.0,
    "pct2ResTime" : 5500.0,
    "pct3ResTime" : 5598.99,
    "throughput" : 85.07380152282104,
    "receivedKBytesPerSec" : 16.366737207027096,
    "sentKBytesPerSec" : 25.754764132885278
  }
}