{
  "Deposit" : {
    "transaction" : "Deposit",
    "sampleCount" : 1000,
    "errorCount" : 0,
    "errorPct" : 0.0,
    "meanResTime" : 3390.6979999999985,
    "medianResTime" : 3370.0,
    "minResTime" : 36.0,
    "maxResTime" : 3750.0,
    "pct1ResTime" : 3662.9,
    "pct2ResTime" : 3703.0,
    "pct3ResTime" : 3740.0,
    "throughput" : 158.5791309863622,
    "receivedKBytesPerSec" : 30.50789922296226,
    "sentKBytesPerSec" : 37.63157112274025
  },
  "GetAccount" : {
    "transaction" : "GetAccount",
    "sampleCount" : 1000,
    "errorCount" : 0,
    "errorPct" : 0.0,
    "meanResTime" : 543.3879999999995,
    "medianResTime" : 584.5,
    "minResTime" : 11.0,
    "maxResTime" : 944.0,
    "pct1ResTime" : 741.8,
    "pct2ResTime" : 771.9499999999999,
    "pct3ResTime" : 865.99,
    "throughput" : 675.6756756756756,
    "receivedKBytesPerSec" : 190.6936233108108,
    "sentKBytesPerSec" : 115.47191722972973
  },
  "Accounting" : {
    "transaction" : "Accounting",
    "sampleCount" : 1000,
    "errorCount" : 0,
    "errorPct" : 0.0,
    "meanResTime" : 835.1300000000001,
    "medianResTime" : 830.0,
    "minResTime" : 76.0,
    "maxResTime" : 1266.0,
    "pct1ResTime" : 1201.0,
    "pct2ResTime" : 1235.9499999999998,
    "pct3ResTime" : 1257.0,
    "throughput" : 379.2188092529389,
    "receivedKBytesPerSec" : 1456.7246160409557,
    "sentKBytesPerSec" : 65.91889457717103
  },
  "Withdraw" : {
    "transaction" : "Withdraw",
    "sampleCount" : 1000,
    "errorCount" : 0,
    "errorPct" : 0.0,
    "meanResTime" : 3981.1879999999987,
    "medianResTime" : 4008.5,
    "minResTime" : 2649.0,
    "maxResTime" : 4088.0,
    "pct1ResTime" : 4069.0,
    "pct2ResTime" : 4072.0,
    "pct3ResTime" : 4083.0,
    "throughput" : 96.72115291614277,
    "receivedKBytesPerSec" : 18.60748742625012,
    "sentKBytesPerSec" : 22.385657462036946
  },
  "Total" : {
    "transaction" : "Total",
    "sampleCount" : 5000,
    "errorCount" : 0,
    "errorPct" : 0.0,
    "meanResTime" : 2240.5736000000034,
    "medianResTime" : 2407.0,
    "minResTime" : 11.0,
    "maxResTime" : 4088.0,
    "pct1ResTime" : 4008.9000000000005,
    "pct2ResTime" : 4040.0,
    "pct3ResTime" : 4072.0,
    "throughput" : 371.9961312402351,
    "receivedKBytesPerSec" : 349.7327440294621,
    "sentKBytesPerSec" : 83.04523007960717
  },
  "Update" : {
    "transaction" : "Update",
    "sampleCount" : 1000,
    "errorCount" : 0,
    "errorPct" : 0.0,
    "meanResTime" : 2452.464000000003,
    "medianResTime" : 2408.0,
    "minResTime" : 914.0,
    "maxResTime" : 2973.0,
    "pct1ResTime" : 2916.9,
    "pct2ResTime" : 2951.0,
    "pct3ResTime" : 2968.0,
    "throughput" : 93.86146048432514,
    "receivedKBytesPerSec" : 18.057331753332083,
    "sentKBytesPerSec" : 28.415090576309368
  }
}