{
  "Deposit" : {
    "transaction" : "Deposit",
    "sampleCount" : 4000,
    "errorCount" : 0,
    "errorPct" : 0.0,
    "meanResTime" : 13907.052999999987,
    "medianResTime" : 13821.5,
    "minResTime" : 1547.0,
    "maxResTime" : 16081.0,
    "pct1ResTime" : 15670.0,
    "pct2ResTime" : 15912.95,
    "pct3ResTime" : 16039.0,
    "throughput" : 162.09425781091704,
    "receivedKBytesPerSec" : 31.184149207764314,
    "sentKBytesPerSec" : 38.4657271953641
  },
  "GetAccount" : {
    "transaction" : "GetAccount",
    "sampleCount" : 4000,
    "errorCount" : 0,
    "errorPct" : 0.0,
    "meanResTime" : 1961.7444999999966,
    "medianResTime" : 1618.0,
    "minResTime" : 11.0,
    "maxResTime" : 5307.0,
    "pct1ResTime" : 3299.0,
    "pct2ResTime" : 4790.95,
    "pct3ResTime" : 5257.969999999999,
    "throughput" : 660.0660066006601,
    "receivedKBytesPerSec" : 186.2881600660066,
    "sentKBytesPerSec" : 112.8042491749175
  },
  "Accounting" : {
    "transaction" : "Accounting",
    "sampleCount" : 4000,
    "errorCount" : 0,
    "errorPct" : 0.0,
    "meanResTime" : 2339.487999999995,
    "medianResTime" : 2586.0,
    "minResTime" : 14.0,
    "maxResTime" : 3170.0,
    "pct1ResTime" : 2998.0,
    "pct2ResTime" : 3071.0,
    "pct3ResTime" : 3116.99,
    "throughput" : 463.98329660132237,
    "receivedKBytesPerSec" : 2879.6935263455516,
    "sentKBytesPerSec" : 80.65334647952673
  },
  "Withdraw" : {
    "transaction" : "Withdraw",
    "sampleCount" : 4000,
    "errorCount" : 0,
    "errorPct" : 0.0,
    "meanResTime" : 16635.91225000001,
    "medianResTime" : 16708.0,
    "minResTime" : 10959.0,
    "maxResTime" : 17071.0,
    "pct1ResTime" : 16875.0,
    "pct2ResTime" : 16893.0,
    "pct3ResTime" : 16898.0,
    "throughput" : 99.78048293753741,
    "receivedKBytesPerSec" : 19.19604994013171,
    "sentKBytesPerSec" : 23.093725054879265
  },
  "Total" : {
    "transaction" : "Total",
    "sampleCount" : 20000,
    "errorCount" : 0,
    "errorPct" : 0.0,
    "meanResTime" : 9040.133250000054,
    "medianResTime" : 10534.0,
    "minResTime" : 11.0,
    "maxResTime" : 17071.0,
    "pct1ResTime" : 16708.0,
    "pct2ResTime" : 16776.0,
    "pct3ResTime" : 16893.0,
    "throughput" : 379.0247692686717,
    "receivedKBytesPerSec" : 535.6252561378324,
    "sentKBytesPerSec" : 84.61431860822104
  },
  "Update" : {
    "transaction" : "Update",
    "sampleCount" : 4000,
    "errorCount" : 0,
    "errorPct" : 0.0,
    "meanResTime" : 10356.468499999988,
    "medianResTime" : 10559.0,
    "minResTime" : 5510.0,
    "maxResTime" : 11772.0,
    "pct1ResTime" : 11496.0,
    "pct2ResTime" : 11583.0,
    "pct3ResTime" : 11729.0,
    "throughput" : 99.58919457238889,
    "receivedKBytesPerSec" : 19.15924934644591,
    "sentKBytesPerSec" : 30.149072575625546
  }
}