{
  "Deposit" : {
    "transaction" : "Deposit",
    "sampleCount" : 10000,
    "errorCount" : 0,
    "errorPct" : 0.0,
    "meanResTime" : 41256.324799999966,
    "medianResTime" : 42395.5,
    "minResTime" : 20923.0,
    "maxResTime" : 51425.0,
    "pct1ResTime" : 49377.0,
    "pct2ResTime" : 51188.0,
    "pct3ResTime" : 51262.0,
    "throughput" : 136.5747063643813,
    "receivedKBytesPerSec" : 26.274626126741328,
    "sentKBytesPerSec" : 32.40981801420377
  },
  "GetAccount" : {
    "transaction" : "GetAccount",
    "sampleCount" : 10000,
    "errorCount" : 0,
    "errorPct" : 0.0,
    "meanResTime" : 5219.834599999987,
    "medianResTime" : 3201.0,
    "minResTime" : 31.0,
    "maxResTime" : 19638.0,
    "pct1ResTime" : 17765.0,
    "pct2ResTime" : 18821.0,
    "pct3ResTime" : 19125.0,
    "throughput" : 502.84105194348064,
    "receivedKBytesPerSec" : 141.91510157389249,
    "sentKBytesPerSec" : 85.93475008799719
  },
  "Accounting" : {
    "transaction" : "Accounting",
    "sampleCount" : 10000,
    "errorCount" : 0,
    "errorPct" : 0.0,
    "meanResTime" : 6620.0368,
    "medianResTime" : 5885.0,
    "minResTime" : 587.0,
    "maxResTime" : 11886.0,
    "pct1ResTime" : 10589.0,
    "pct2ResTime" : 11785.0,
    "pct3ResTime" : 11878.0,
    "throughput" : 406.3553984314682,
    "receivedKBytesPerSec" : 2928.302994775793,
    "sentKBytesPerSec" : 70.63599699297005
  },
  "Withdraw" : {
    "transaction" : "Withdraw",
    "sampleCount" : 10000,
    "errorCount" : 0,
    "errorPct" : 0.0,
    "meanResTime" : 49384.45030000002,
    "medianResTime" : 48993.0,
    "minResTime" : 46349.0,
    "maxResTime" : 55054.0,
    "pct1ResTime" : 52640.8,
    "pct2ResTime" : 53923.899999999994,
    "pct3ResTime" : 54820.979999999996,
    "throughput" : 99.26839195131879,
    "receivedKBytesPerSec" : 19.09753243594707,
    "sentKBytesPerSec" : 22.97520399654546
  },
  "Total" : {
    "transaction" : "Total",
    "sampleCount" : 50000,
    "errorCount" : 4711,
    "errorPct" : 9.422,
    "meanResTime" : 22199.295660000007,
    "medianResTime" : 35556.0,
    "minResTime" : 1.0,
    "maxResTime" : 55054.0,
    "pct1ResTime" : 50482.0,
    "pct2ResTime" : 52640.9,
    "pct3ResTime" : 54536.96000000001,
    "throughput" : 378.5068661145513,
    "receivedKBytesPerSec" : 688.5923397662152,
    "sentKBytesPerSec" : 73.7023099091205
  },
  "Update" : {
    "transaction" : "Update",
    "sampleCount" : 10000,
    "errorCount" : 4711,
    "errorPct" : 47.11,
    "meanResTime" : 8515.831800000022,
    "medianResTime" : 8261.0,
    "minResTime" : 1.0,
    "maxResTime" : 24763.0,
    "pct1ResTime" : 24287.0,
    "pct2ResTime" : 24418.0,
    "pct3ResTime" : 24557.0,
    "throughput" : 164.61718274153455,
    "receivedKBytesPerSec" : 201.31266770375493,
    "sentKBytesPerSec" : 26.35787955578053
  }
}