{
  "Deposit" : {
    "transaction" : "Deposit",
    "sampleCount" : 400,
    "errorCount" : 0,
    "errorPct" : 0.0,
    "meanResTime" : 1405.915000000001,
    "medianResTime" : 1437.0,
    "minResTime" : 14.0,
    "maxResTime" : 1606.0,
    "pct1ResTime" : 1568.0,
    "pct2ResTime" : 1582.0,
    "pct3ResTime" : 1597.0,
    "throughput" : 118.30819284235433,
    "receivedKBytesPerSec" : 22.760462880804496,
    "sentKBytesPerSec" : 28.075088731144632
  },
  "GetAccount" : {
    "transaction" : "GetAccount",
    "sampleCount" : 400,
    "errorCount" : 0,
    "errorPct" : 0.0,
    "meanResTime" : 251.9125,
    "medianResTime" : 272.0,
    "minResTime" : 10.0,
    "maxResTime" : 446.0,
    "pct1ResTime" : 411.90000000000003,
    "pct2ResTime" : 417.95,
    "pct3ResTime" : 438.99,
    "throughput" : 271.1864406779661,
    "receivedKBytesPerSec" : 76.31554555084745,
    "sentKBytesPerSec" : 46.345338983050844
  },
  "Accounting" : {
    "transaction" : "Accounting",
    "sampleCount" : 400,
    "errorCount" : 0,
    "errorPct" : 0.0,
    "meanResTime" : 259.81000000000006,
    "medianResTime" : 271.0,
    "minResTime" : 10.0,
    "maxResTime" : 455.0,
    "pct1ResTime" : 407.90000000000003,
    "pct2ResTime" : 420.95,
    "pct3ResTime" : 450.98,
    "throughput" : 218.8183807439825,
    "receivedKBytesPerSec" : 565.7293874794858,
    "sentKBytesPerSec" : 38.03678884026258
  },
  "Withdraw" : {
    "transaction" : "Withdraw",
    "sampleCount" : 400,
    "errorCount" : 0,
    "errorPct" : 0.0,
    "meanResTime" : 1729.4449999999995,
    "medianResTime" : 1786.5,
    "minResTime" : 62.0,
    "maxResTime" : 1874.0,
    "pct1ResTime" : 1853.0,
    "pct2ResTime" : 1862.95,
    "pct3ResTime" : 1869.99,
    "throughput" : 77.39938080495357,
    "receivedKBytesPerSec" : 14.89031056501548,
    "sentKBytesPerSec" : 17.91372387770898
  },
  "Total" : {
    "transaction" : "Total",
    "sampleCount" : 2000,
    "errorCount" : 0,
    "errorPct" : 0.0,
    "meanResTime" : 878.2919999999997,
    "medianResTime" : 759.0,
    "minResTime" : 10.0,
    "maxResTime" : 1874.0,
    "pct1ResTime" : 1786.9,
    "pct2ResTime" : 1837.0,
    "pct3ResTime" : 1862.99,
    "throughput" : 335.5704697986577,
    "receivedKBytesPerSec" : 231.13726929530202,
    "sentKBytesPerSec" : 74.91348573825503
  },
  "Update" : {
    "transaction" : "Update",
    "sampleCount" : 400,
    "errorCount" : 0,
    "errorPct" : 0.0,
    "meanResTime" : 744.3774999999995,
    "medianResTime" : 762.0,
    "minResTime" : 322.0,
    "maxResTime" : 814.0,
    "pct1ResTime" : 793.9000000000001,
    "pct2ResTime" : 797.95,
    "pct3ResTime" : 802.99,
    "throughput" : 68.29434864264982,
    "receivedKBytesPerSec" : 13.138658869728529,
    "sentKBytesPerSec" : 20.675046952364692
  }
}